month,total_precipitation_mm,runoff_mm,potential_evaporation_mm,total_evaporation_mm,soil_water_layer1_m3_m3,soil_water_layer2_m3_m3,soil_water_layer3_m3_m3,soil_water_layer4_m3_m3,skin_temperature_c,quality_flag
2005-01-01,6.955855735858309,1.1520624172817322,86.24365378022014,51.55870606426205,0.17868942457662285,0.20273555931243148,0.2257214150774879,0.2754180141058672,22.1907406389854,stub
