month,ndvi_mean,ndvi_std,valid_pixel_frac,quality_flag
2005-01-01,0.09690965688103746,0.04638195811905644,0.7135262484304987,stub
