month,precip_mm,temp_c,radiation_mj_m2,wind_ms,dewpoint_c,pet_mm,runoff_mm,historical_discharge_m3s,quality_flag
2005-01-01,9.908957894941402,19.90245032676664,13.006564206457497,2.6040356932560207,4.105516548310087,90.32695377234468,1.215758067527834,,stub
