month,precip_mm,temp_c,radiation_mj_m2,wind_ms,dewpoint_c,pet_mm,runoff_mm,historical_discharge_m3s,quality_flag
2005-01-01,4.005324879944598,19.53720456362616,13.14855507948288,2.479835521594121,5.680516548310087,88.61782391277033,1.0458992064419146,,stub
