month,precip_mm,temp_c,radiation_mj_m2,wind_ms,dewpoint_c,pet_mm,runoff_mm,historical_discharge_m3s,quality_flag
2005-01-01,2.434090169179347,19.262822061424643,13.019757194787928,2.4815277608015487,6.7230165483100865,86.4856077926485,0.6622556630815827,,stub
