month,precip_mm,temp_c,radiation_mj_m2,wind_ms,dewpoint_c,pet_mm,runoff_mm,historical_discharge_m3s,quality_flag
2005-01-01,0.06359481246034715,19.411249932350547,13.126803492775633,2.4375080274030947,7.0980165483100865,86.85705798604866,0.7146214774943724,,stub
