month,precip_mm,temp_c,radiation_mj_m2,wind_ms,dewpoint_c,pet_mm,runoff_mm,historical_discharge_m3s,quality_flag
2005-01-01,6.417399746603301,21.03135761418374,13.235787149155874,2.5435517530878795,2.2230165483100865,95.43000470651207,0.8408293256132136,,stub
