month,precip_mm,temp_c,radiation_mj_m2,wind_ms,dewpoint_c,pet_mm,runoff_mm,historical_discharge_m3s,quality_flag
2005-01-01,8.631192852049582,20.698336025987533,13.18606136111222,2.4854759863648384,2.5980165483100865,94.18011322033631,0.9161460950411694,,stub
