month,precip_mm,temp_c,radiation_mj_m2,wind_ms,dewpoint_c,pet_mm,runoff_mm,historical_discharge_m3s,quality_flag
2005-01-01,2.9784971102430626,19.383531737217304,12.791937084658995,2.4255211835327035,6.198016548310086,86.2951826816923,0.672175604749212,,stub
