month,ndvi_mean,ndvi_std,valid_pixel_frac,quality_flag
2005-01-01,0.15187966102123926,0.0443962364747004,0.8035525180294818,stub
