month,precip_mm,temp_c,radiation_mj_m2,wind_ms,dewpoint_c,pet_mm,runoff_mm,historical_discharge_m3s,quality_flag
2005-01-01,2.8918192395328326,19.203370014102234,13.190411473851702,2.449856786529683,6.7230165483100865,87.08345167007153,1.4522635959072416,,stub
