month,precip_mm,temp_c,radiation_mj_m2,wind_ms,dewpoint_c,pet_mm,runoff_mm,historical_discharge_m3s,quality_flag
2005-01-01,6.955855735858309,20.6907406389854,13.082651715562188,2.4732214945880675,2.5855165483100864,93.7431019350219,1.1520624172817322,,stub
