month,precip_mm,temp_c,radiation_mj_m2,wind_ms,dewpoint_c,pet_mm,runoff_mm,historical_discharge_m3s,quality_flag
2005-01-01,0.02645613404455971,19.179027344442233,13.125453462996207,2.5659477639539623,7.0980165483100865,86.38694268515846,0.6046729598369028,,stub
