month,precip_mm,temp_c,radiation_mj_m2,wind_ms,dewpoint_c,pet_mm,runoff_mm,historical_discharge_m3s,quality_flag
2005-01-01,3.5267002903642437,19.231092162346165,13.179756891459236,2.4580643382618166,6.498016548310087,87.31914672051104,0.8881267200530524,,stub
