month,precip_mm,temp_c,radiation_mj_m2,wind_ms,dewpoint_c,pet_mm,runoff_mm,historical_discharge_m3s,quality_flag
2005-01-01,7.335143255098272,19.430355073715017,13.153733624954176,2.5271837104963146,6.203016548310086,87.90337482392748,0.9878834204105988,,stub
