month,precip_mm,temp_c,radiation_mj_m2,wind_ms,dewpoint_c,pet_mm,runoff_mm,historical_discharge_m3s,quality_flag
2005-01-01,6.487337438983144,20.117520070406727,13.16753368752579,2.3954439981386746,4.5980165483100865,90.94066508011169,1.0917270876506382,,stub
