month,precip_mm,temp_c,radiation_mj_m2,wind_ms,dewpoint_c,pet_mm,runoff_mm,historical_discharge_m3s,quality_flag
2005-01-01,0.27256115447758666,19.612151539958592,13.044727466938712,2.559759809246237,5.4280165483100875,88.58414189274968,0.8853744899159546,,stub
