month,precip_mm,temp_c,radiation_mj_m2,wind_ms,dewpoint_c,pet_mm,runoff_mm,historical_discharge_m3s,quality_flag
2005-01-01,0.0,18.324498496949236,13.010382723001424,2.5162992708405043,7.0980165483100865,84.19458788219437,0.8519325018209609,,stub
