month,total_precipitation_mm,runoff_mm,potential_evaporation_mm,total_evaporation_mm,soil_water_layer1_m3_m3,soil_water_layer2_m3_m3,soil_water_layer3_m3_m3,soil_water_layer4_m3_m3,skin_temperature_c,quality_flag
2005-01-01,2.434090169179347,0.6622556630815827,79.56675916923662,47.567084285956675,0.18096877338358963,0.20681260911225977,0.20176591312573006,0.2485543414020753,20.762822061424643,stub
