month,total_precipitation_mm,runoff_mm,potential_evaporation_mm,total_evaporation_mm,soil_water_layer1_m3_m3,soil_water_layer2_m3_m3,soil_water_layer3_m3_m3,soil_water_layer4_m3_m3,skin_temperature_c,quality_flag
2005-01-01,0.0,0.8519325018209609,77.45902085161882,46.30702333520691,0.20062482583259053,0.19226451176816656,0.21314787153146308,0.23043815275825946,19.824498496949236,stub
