{
  "victoria": {
    "slope": -0.5202314301344669,
    "intercept": 17.40790432032755
  },
  "southwest": {
    "slope": 0.08523922921322168,
    "intercept": 11.470857426505152
  },
  "karthoum": {
    "slope": 0.04812061106607526,
    "intercept": 7.319820040614019
  },
  "merowe": {
    "slope": 0.13858624614266155,
    "intercept": 3.8387359688945435
  },
  "aswand": {
    "slope": -0.18496563130895716,
    "intercept": 6.266763117755957
  },
  "cairo": {
    "slope": 0.002096679826101739,
    "intercept": 4.729627429512587
  },
  "singa": {
    "slope": 0.18845771928812238,
    "intercept": 7.6494980635703635
  },
  "roseires": {
    "slope": 0.45725191728907016,
    "intercept": -0.9827712678364132
  },
  "gerd": {
    "slope": 0.24543243254416677,
    "intercept": 1.5531204681341775
  },
  "tana": {
    "slope": 0.050969544864924755,
    "intercept": 2.935065916606615
  },
  "kashm": {
    "slope": 0.005999978334969288,
    "intercept": 8.409879535092417
  },
  "tsengh": {
    "slope": 0.3940931413372259,
    "intercept": 1.263245734909684
  },
  "ozentari": {
    "slope": 0.29082928197333646,
    "intercept": 0.234283229280857
  }
}