{
  "victoria": {
    "slope": -0.17947857413379675,
    "intercept": 10.588920633863303
  },
  "southwest": {
    "slope": 0.8973074883045646,
    "intercept": -14.900040345419253
  },
  "karthoum": {
    "slope": 0.18230906697319216,
    "intercept": 4.5118599268954815
  },
  "merowe": {
    "slope": 0.2899054764869056,
    "intercept": 1.2713676082361256
  },
  "aswand": {
    "slope": 0.25075173241600196,
    "intercept": -0.9255900466276263
  },
  "cairo": {
    "slope": 0.3721659295131864,
    "intercept": 0.14708381664424194
  },
  "singa": {
    "slope": 0.7874499634827349,
    "intercept": -11.477973876241942
  },
  "roseires": {
    "slope": 0.9251074924855734,
    "intercept": -16.413074002730035
  },
  "gerd": {
    "slope": 0.6411906658036548,
    "intercept": -10.196476127336844
  },
  "tana": {
    "slope": 0.40266669300689556,
    "intercept": -3.921195394341706
  },
  "kashm": {
    "slope": 0.45498922855605817,
    "intercept": -3.051614446364036
  },
  "tsengh": {
    "slope": 0.9238588206163304,
    "intercept": -16.185663961784634
  },
  "ozentari": {
    "slope": 0.7056455294780029,
    "intercept": -10.52330545287475
  }
}